<Interaction Name="Call" xmlns:json='http://james.newtonking.com/projects/json'>

	<!--	The Context section defines what information is stored about an interaction. Property values are set and
	        retrieved via the InteractionManager component. Defining a context includes defining these values:
			
			Name - Identifies the property in automations and in the plug-in configuration.
			Type - Specifies the property's underlying data type. Valid entries are String, Number, Boolean, and Date.
			Default - Specifies a default value. The property is populated with this value when an 
			   interaction is created.
			Format - Controls how the system displays the value. Strings can be formatted as either numbers or dates.
				Several Numeric options are:
					"C" for currency
					"D" for decimal
					"P" for percent  
				Several Date options are:
					"d" for short date (month, day, year)
					"D" for long date (day of week, month, day, year)					
					"m" or "M" for month format (day, month)
					"y" or "Y" for year format (month, year)
					"t" for short time (time to minutes)
					"T" for long time (time to seconds)
					"g" for short date and time (day, month, year, time to minutes)
					"G" for long date and time (day, month, year, time to seconds)
					"u" for universal time
			-->

	<Context>
		<Value Name="AcctNum" Type="String" Default="10000" />
		<Value Name="Name" Type="String" Default="[No Active Call]" />
		<Value Name="Address1" Type="String" Default="xxxx"/>
		<Value Name="City" Type="String" Default="xxxx"/>
		<Value Name="State" Type="String" Default="xxxx"/>
		<Value Name="Zipcode" Type="String" Default="xxxxx"/>
		<Value Name="ClosestStore" Type="String" Default=""/>
	</Context>

	<!--	The Globals section defines information that is stored independent of interactions. Global values
					are accessed through the global dictionary component. Defining a global value is similar to defining a context value:
					
			Name - Identifies the property in automations and in the plug-in configuration.
			Type - Specifies the property's underlying data type. Valid entries are String, Number, Boolean, and Date.
			Default -	Specifies a default value. The property is populated with this value at system start-up.
			Format - Controls how the system displays the value. Strings can be formatted as either numbers or dates.
				Several Numeric options are:
					"C" for currency
					"D" for decimal
					"P" for percent  
				Several Date options are:
					"d" for short date (month, day, year)
					"D" for long date (day of week, month, day, year)					
					"m" or "M" for month format (day, month)
					"y" or "Y" for year format (month, year)
					"t" for short time (time to minutes)
					"T" for long time (time to seconds)
					"g" for short date and time (day, month, year, time to minutes)
					"G" for long date and time (day, month, year, time to seconds)
					"u" for universal time
			-->

	<Globals>
		<Value Name="AgentName" Type="String" Default=""/>
		<Value Name="ConversionPercentage" Type="Number" Format="P" Default="0"/>
		<Value Name="AverageHandleTime" Type="String" Default=""/>
		<Value Name="AveragePayment" Type="Number" Format="C" Default="0"/>
	</Globals>
	
	<!--	An Activity describes a piece of work that needs to done. An automation can request that an activity be performed
	        or perform an activity when requested. Activities are queued and run sequentially. This means that only one activity 
	        is processed	at a time. Any automation can request that an activity be performed by calling the StartActivity method 
	        from the Activity component. The activity is placed at the end of the queue and will be processed when all activities in 
	        front of it are completed. An activity is completed when all automations that are listening to Activity.ActivityStarted 
	        have finished their execution.  

            Name - Provides a descriptive name of an activity.  The activity component uses this name for identification.
            Value - Specifies the parameters and properties of an activity. 
            Type - Specifies the type of the Value, such as Boolean or String.
            RequiresInteraction - Specifies if an interaction needs to be active for the
            	activity to run. The defaults is True.
			 
			In the example below, the AddPlan activity will have a StartActivity() method with 
			two parameters: PlanType and EffectiveDate.
			When used in automations, there will also be an ActivityStarted event with PlanType and EffectiveDate outputs  .
			Additionally, an activity component for AddPlan will have a PlanType property
			and an EffectiveDate property. These property values can be set or retrieved during the execution
			of the activity or in response to the ActivityCompleted event.
			
			<Activity Name="AddPlan" RequiresInteraction="True">
				<Value Name="PlanType" Type="String"/>
				<Value Name="EffectiveDate" Type="Date"/>
			</Activity>

			When defining an activity, make sure that all the data required to perform the
			activity is available through context values or the activity’s properties.
			-->

	<Activities>
		<Activity Name="GetCustomerInformation">
		</Activity>
		<Activity Name="Update Display">
		</Activity>
		<Activity Name="SaveAddress">
		</Activity>
		<Activity Name="Answer Call">
			<Value Name="BI_Initiated" Type="Boolean" />
		</Activity>
	</Activities>

	<!--  Plug-ins are HTML user interface sections in the toolbar. Agile Desktop includes these plug-ins:
			- 360 View - Provides access to key customer information at a glance.
			- Notes - Lets you add notes and search historic notes.
			- Shortcuts - Provides buttons to launch an exe, go to a web site, execute an automation,
			    or start an activity.
			- Interaction Manager - Provides a list of all current interactions on top of the 360 View.
			- Start Interaction - Provides a way for the Agile Desktop user to enter a string which can be retrieved in an automation 			and used for starting an interaction.  
          GENERIC PLUG-IN SETTINGS

				Plugin:IsActive - Indicates if the plug-in appears in the toolbar.
				Plugin:HasExtendedView - Indicates if the plug-in can be expanded to show more information.
				Plugin:EnableWithNoActiveInteraction - Indicates if the user can interact with the plug-in when 
				   there is no active interaction.
				Plugin:CanHide - If False, the user cannot hide the plug-in from the gear menu.
                -->

	<Plugins>

		<!--    360 View - This plug-in displays interaction context values that may be needed at a glance.
				
			PLUG-IN SPECIFIC SETTINGS

				Plugin/Section   - Provides a logical grouping of the elements within the Plug-In.
				Plugin/Section:Visibility - You can choose from these options:
				   Primary - The Section is added to the Primary view.
				   Extended - The Section is added to the Extended view.
				   Both - The Section is added to both the Primary and Extended views. 
				Plugin/Section:Name - Indicates the style in which the section data is displayed. You can choose from these options:
					Identity, Ratings, Products, Custom, Balances, Eligibility, or Information.
				Plugin/Section/Item:Name - Identifies the item in the plugin
				Plugin/Section/Item/Context:Name - Specifies the name of context value (defined in the Context section) used to populate
					this item. As the associated context property value changes, this item is automatically updated.
				Plugin/Section/Item/Label - Defines the text label that appears in the toolbar. If omitted,
				    the Name value is used.
				-->

		<Plugin Name="360AppBar" Label="360 View" IsActive="True" HasExtendedView="True" CanHide="False" EnableWithNoActiveInteraction="False">
			<Section Name="Identity" Visibility="Primary">
				<Item Name="FullName">
					<Context Name="ClientFullName"/>
					<Label></Label>
				</Item>
			</Section>
			<Section Name="Ratings" Visibility="Primary">
				<Item Name="SocialInfluence">
					<Context Name="SocialInfluence"/>
					<Label>Social Influence</Label>
					<MaxValue>5</MaxValue>
				</Item>
				<Item Name="LifetimeValue">
					<Context Name="LifetimeValue"/>
					<Label>Lifetime Value</Label>
					<MaxValue>5</MaxValue>
				</Item>
			</Section>
			<Section Name="Products" Visibility="Primary">
				<Item name="AccountNumber">
					<Context Name="AcctNum" />
					<Label>Account Number</Label>			
				</Item>
			</Section>
			<Section Name="Balances" Visibility="Extended">
				<Item Name="Current">
					<Context Name="CurrentCharges"/>
					<Label>Current</Label>
				</Item>
				<Item Name="Past">
					<Context Name="PastDue"/>
					<Label>Past</Label>
				</Item>
				<Item Name="Penalties">
					<Context Name="Penalties"/>
					<Label>Penalties</Label>
				</Item>
				<Item Name="Total">
					<Context Name="TotalDue"/>
					<Label>Total</Label>
				</Item>
			</Section>
			<Section Name="Eligibility" Visibility="Extended">
				<Item Name="Upgrade">
					<Context Name="EligibleForUpgrade"/>
					<Label>Upgrade</Label>
				</Item>
				<Item Name="Unlimited">
					<Context Name="EligibleForUnlimited"/>
					<Label>Unlimited</Label>
				</Item>
			</Section>
			<Section Name="Information" Visibility="Extended">
				<Item name="Address1">
					<Context Name="Address1" />
					<Label>Address</Label>
				</Item>
			    <Item name="City">
					<Context Name="City" />
					<Label>City</Label>
				</Item>
				<Item name="State">
					<Context Name="State" />
					<Label>State</Label>
				</Item>
				<Item name="Zipcode">
					<Context Name="Zipcode" />
					<Label>Zipcode</Label>			
				</Item>
			</Section>
		</Plugin>

		<!--    NOTES - This plug-in lets you add predefined notes, manually enter notes, and review the historical notes for
			an interaction. The name of this plug-in is Notes. To interact with this plug-in through an automation, use the NotesController component.
				
			PLUG-IN SPECIFIC SETTINGS

				Section/Item:Name - Specifies the name of the item to add to the plug-in.			
				Section/Item:IsActive - Determines whether the template appears on a menu.
		    Section/Item:Content - Specifies the format of the template. To include context values, place the desired
		    	context value name inside two braces, as shown here: {{example}}. As the associated context property value changes, 
		    	this item is updated on the menu and when added to a Note.
		    Section/Item:Activity - Specifies that this note will be added when the activity you specify completes.
		    Config/TimeZone - Specifies the time zone used to format dates for notes.
		    Config/LineBreak - Specifies the line break format for notes.

				-->

		<Plugin Name="Notes" IsActive="True" HasExtendedView="True" CanHide="True" EnableWithNoActiveInteraction="False">
			<Section Name="NoteTemplates">
				<Item Name="CallStarted" IsActive="True">
					<Content>Call with {{ClientFullName}} started</Content>
				</Item>
				<Item Name="InformDueAmount" IsActive="True">
					<Content>Informed of {{TotalDue}} due amount</Content>
				</Item>
				<Item Name="Hidden Note" IsActive="False">
					<Content>This note is hidden</Content>
				</Item>
				<Item Name="Note With Activity" IsActive="True">
					<Content>Note added with the validate caller activity</Content>
					<Activity>ValidateCaller</Activity>
				</Item>
			</Section>
			<Config>
				<TimeZone>GMT-5</TimeZone>
				<LineBreak>\r\n</LineBreak>
			</Config>
		</Plugin>

		<!--    SHORTCUTS - This plug-in provides shortcut buttons for calling an automation, going to a web page,
			starting an executable, or starting an activity.
				
			PLUG-IN SPECIFIC SETTINGS

				Plugin/Label - Defines the heading text that appears for this section. The default is Quick Links.
				Plugin/Config/Layout - Defines the number of columns in which shortcuts are displayed (2 or 3).
        Plugin/Config/VisibleRows - Defines the initial number of rows to display.
				Plugin/Section/Name - Specifies the name of shortcut Section. This description does not appear in the Agile Desktop UI.
				Plugin/Section/Item:Name - Enter the text you want to appear on the shortcut button.
				Plugin/Section/Item:ShortcutType - Indicates type of shortcut. Choose from these options:
					* Activity - Starts an activity.
					* Url - Goes to a web page.
					* External - Starts an executable.
					* Automation - Starts an automation.
				Plugin/Section/Item:ActivityName - For Activity shortcuts, enter the name of the activity that should start when the 
					button is clicked.
				Plugin/Section/Item:Target - Enter the destination for the shortcut. For instance, if the shortcut is a web site, you
					enter the URL. If the shortcut launches an executable file, enter the name of that file.
				Plugin/Section/Item:Project - For automation shortcuts, enter the name of the project that contains the automation. If the 
					project name contains a space replace it here with an underscore. My Project should become My_Project.
				Plugin/Section/Item:AutomationName - For automation shortcuts, enter the name of the automation that should start when the 
					button is pressed. If the automation name contains a space replace it here with an underscore. My Automation should become My_Automation. This automation should have an entry point and should not include parameters as there is no way for the toolbar to pass in those values.
		        -->

		<Plugin Name="Shortcuts" IsActive="True" HasExtendedView="False" CanHide="True" EnableWithNoActiveInteraction="True" Label="Quick Links">
			<Config>
				<Layout>2</Layout>
				<VisibleRows>2</VisibleRows>
			</Config>
			<Section Name="Links" Visibility="Primary">
				<Item Name="Validate Caller" ActivityName="ValidateCaller" ShortcutType="Activity"/>
				<Item Name="OpenSpan Web Site" Target="http://www.openspan.com/" ShortcutType="Url"/>
				<Item Name="Send Alert" Project="AgileDesktopTest" AutomationName="Alert" ShortcutType="Automation"/>
				<Item Name="Notepad" Target="Notepad" ShortcutType="External"/>
			</Section>
		</Plugin>

		<!--    InteractionManager - This plug-in displays a list from which you can select the active interaction, close an
			interaction, or optionally start an interaction. 
				
			PLUG-IN SPECIFIC SETTINGS

				Section/Item/Context Name - Enter the context property you want to appear in the list from which the end user  will
				   select the new active interaction. For instance, if there is a context property named ClientFullName and you want your
				   end users to select an interaction based on the client's name, you would enter ClientFullName here.
				Config/EnableStartInteraction - Enter True if you want to show a plus (+) button to let the end user start an
				   interaction.
				-->

		<Plugin Name="InteractionManager" IsActive="False">
			<Section Name="Selector" Visibility="Primary">
				<Item Name="InteractionName">
					<Context Name="ClientFullName"/>
					<Label/>
				</Item>
			</Section>
			<Config>
				<EnableStartInteraction>True</EnableStartInteraction>
			</Config>
		</Plugin>

		<!--    StartInteraction - This plug-in displays a modal dialog which lets end-users enter a string and start a search. The string is made available in an automation and the automation developer can use this information to start a new interaction.
				
			PLUG-IN SPECIFIC SETTINGS

				EnableWithNoActiveInteraction - Enter True if you want to display the StartInteraction dialog when no 
				   interactions exist.
				Config/Label - Enter the text you want to appear on the dialog's heading.  This text should describe what the 
				   end user needs to do to start a new interaction. Here is an example: Enter Claim Number.
				Config/Project - Enter the name of the OpenSpan project that contains the automation which starts a new 
				   interaction.
				Config/Automation - Enter the name of the automation which starts the interaction. This automation can validate 
				   user input and start an interaction by calling InteractionManager.StartInteraction(). This automation should have one input parameter of type String (the text entered by the end user), one output parameter of type String (a Message displayed if an error occurs), and should return a Boolean result (return False if an error message should be displayed).
				Config/DefaultErrorMessage - Enter the text of the message you want to display if an error occurs while validating the input or starting
				   the interaction. This will be used if the start interaction automation does not return the error text but does return False.
				-->

		<Plugin Name="StartInteraction" IsActive="False" EnableWithNoActiveInteraction="True">
			<Config>
				<Label>Enter Claim Number</Label>
				<Project>AgileDesktopTest</Project>
				<Automation>StartInteraction</Automation>
				<DefaultErrorMessage>Unable to start interaction</DefaultErrorMessage>
			</Config>
		</Plugin>
	</Plugins>
</Interaction>
