Employee ID,First Name,Last Name,Email,UPN,Department Code,Active,Role
TRNAdminATL,Admin,ATL,admin_atl@company.com,admin_atl@company.com,atl0000,Active,Administrator
TRNAdminCHI,Admin,CHI,admin_chi@company.com,admin_chi@company.com,chi0000,Active,Administrator
TRNAdminLAX,Admin,LAX,admin_lax@company.com,admin_lax@company.com,lax0000,Active,Administrator
TRNAgent3,Agent,Three,agent_3@company.com,agent_3@company.com,lax0001,Active,
TRNAgent1,Agent,One,agent_1@company.com,agent_1@company.com,atl0001,Active,
TRNAgent2,Agent,Two,agent_2@company.com,agent_2@company.com,chi0001,Active,
TRNAgent4,Agent,Four,agent_4@company.com,agent_4@company.com,lax0001,Active,
TRNAgent5,Agent,Five,agent_5@company.com,agent_5@company.com,atl0001,Active,
TRNAgent6,Agent,Six,agent_6@company.com,agent_6@company.com,chi0001,Active,
TRNAgent7,Agent,Seven,agent_7@company.com,agent_7@company.com,slc0000,Active,
